competency_or_trait,domain,market_demand_rank,market_demand_frequency,salary_association_midpoint,internal_hike_driver_rank,senior_success_synergy,career_track_alignment,beginner_priority,strategic_evidence_summary
SQL & Relational Databases,Technical Hard Skill,1,915 postings (5.8% market),13.11 LPA,High (Core in coding_skills),Operational Foundation,"Universal (DA, BA, DE, DS)",Tier 1 — Immediate Baseline,Universal entry qualification across 100% of data job families; mandatory prerequisite but not solitary differentiator.
Python Scripting & Programming,Technical Hard Skill,3,840 postings (5.3% market),14.38 LPA,High (Core in coding_skills),Model Prototyping & Pipeline Delivery,"Data Scientist, Data Engineer, ML Engineer",Tier 1 — Immediate Baseline,Top demanded general-purpose programming language; required for machine learning and deep learning pipelines.
"Mathematics, Probability & Statistics",Technical Core Foundation,7,655 postings (R) / 636 (SAS),16.27 LPA (R) / 15.48 LPA (SAS),"Rank 2 (r = +0.524, Odds Ratio = 4.27x)",Rigorous Algorithmic Reasoning,"Data Scientist, Quant Analyst, Risk Modeler",Tier 1 — Immediate Baseline,Highest individual odds ratio for junior salary hikes (4.27x); commands top-tier compensation premium in enterprise settings.
"Dashboarding, Visualization & Storytelling",Executive & Translation Skill,8,633 postings (BA) / 393 (Excel),12.63 LPA (BA) / 8.84 LPA (Excel),"Rank 1 (r = +0.554, RF Importance = 0.297)",Executive Stakeholder Translation,"Business Analyst, Analytics Translator, Lead DS",Tier 2 — High-Value Differentiator,Single strongest linear predictor of junior salary hikes; bridges technical model outputs into stakeholder business ROI.
Machine Learning & Predictive Modeling,Advanced Technical Specialization,9,629 postings (4.0% market),15.82 LPA (46.3% in >=15 LPA),"Rank 4 (r = +0.405, Odds Ratio = 2.83x)",Value Creation & Algorithmic IP,"Data Scientist, Machine Learning Engineer",Tier 2 — High-Value Differentiator,Unlocks high-paying compensation brackets (>15 LPA); baseline competency expected across modern data science requisitions.
Big Data Engineering (Hadoop/Spark/Hive),Infrastructure & Architecture,10,726 postings (Java) / 400+ (Hadoop/Spark),15.02 LPA (Java) / 19.00 LPA (Senior DE),"Rank 5 (r = +0.112, insignificant at entry)",Production Scalability & Reliability,"Data Engineer, Big Data Architect",Tier 3 — Role-Specific Specialization,"High compensation premium in specialized engineering tracks, but low differentiator for entry-level junior data scientists."
Conscientiousness,Psychometric Behavioral Trait,13,Implicit in 505 Project Mgmt postings,14.24 LPA (Project Mgmt),Complementary (Execution rigor),"Rank 1 Senior Predictor (r = +0.680, RF Imp = 0.360)","Senior Data Scientist, Technical Lead, Architect",Continuous Behavioral Cultivation,Primary driver of senior workplace success (+49.9% delta in high performers); reflects delivery reliability and rigor.
Openness to Experience,Psychometric Behavioral Trait,14,Implicit in R&D / Innovation roles,22.29 LPA (Senior DS track),Complementary (Novel method adoption),"Rank 2 Senior Predictor (r = +0.671, RF Imp = 0.310)","Senior Data Scientist, R&D Researcher, Architect",Continuous Behavioral Cultivation,Secondary driver of senior workplace success (+45.6% delta); enables rapid adoption of novel AI methodologies and creative problem solving.
Extraversion & Assertiveness,Psychometric Behavioral Trait,15,Implicit in Client-Facing Requisitions,15.17 LPA (Accenture/Consulting mean),Complementary (Communication),"Rank 3 Senior Predictor (r = +0.494, RF Imp = 0.146)","Customer-Facing Data Scientist, Engagement Manager",Continuous Behavioral Cultivation,Moderately associated with customer-facing success (+32.4% delta); drives persuasive consultative presentations.
