id,big_data_skills,maths-stats_skills,coding_skills,ai_and_ml_skills,dashboard_and_storytelling_skills,salary_hike_high_or_low,has_duplicate_id
2809,3.6,4.0,4.5,4.8,5.0,1,False
2231,5.0,3.8,3.3,5.0,4.4,0,False
3522,4.1,3.8,4.4,4.2,5.0,1,False
3291,4.4,3.0,3.3,4.6,2.3,0,True
3424,2.3,2.3,2.6,3.3,3.0,0,False
3757,5.0,3.8,2.6,4.9,2.9,0,False
2544,3.0,5.0,5.0,5.0,5.0,1,False
3482,3.8,4.4,3.4,3.0,4.8,0,False
3702,3.5,4.4,5.0,4.6,5.0,1,False
3312,5.0,3.1,5.0,4.8,3.2,0,False
3944,2.4,5.0,5.0,5.0,5.0,1,False
2668,4.9,2.7,3.8,4.6,5.0,0,False
2386,3.8,5.0,4.6,4.7,5.0,1,False
2622,3.6,5.0,5.0,5.0,5.0,1,False
3398,4.5,5.0,5.0,5.0,5.0,1,False
3043,2.9,5.0,4.4,5.0,4.4,0,False
2292,3.7,4.8,4.6,5.0,3.3,0,False
3101,5.0,3.9,5.0,4.2,5.0,1,False
3861,3.1,5.0,5.0,5.0,5.0,1,False
2381,2.8,4.9,5.0,5.0,5.0,1,False
3176,2.9,5.0,3.9,5.0,2.3,0,False
3060,3.8,5.0,3.2,4.6,2.5,0,False
2518,2.9,2.5,3.2,5.0,3.9,0,False
3876,3.5,4.5,4.6,4.4,4.6,0,False
2511,4.3,5.0,5.0,5.0,5.0,1,False
2180,4.0,5.0,5.0,5.0,5.0,1,False
3819,2.4,3.4,3.1,4.3,2.5,0,False
3788,4.4,4.0,4.1,4.9,2.9,0,False
3608,5.0,5.0,4.6,2.8,3.7,0,False
3291,4.8,4.5,5.0,4.8,5.0,1,True
2845,5.0,3.5,3.1,4.3,5.0,0,False
3400,3.1,3.8,4.1,4.9,3.8,0,False
2963,3.6,4.0,4.5,4.8,5.0,0,False
2627,5.0,3.8,3.3,5.0,4.4,0,False
3742,4.1,3.8,4.4,4.2,5.0,0,False
2651,4.4,3.0,3.3,4.6,2.3,0,False
2931,2.3,2.3,2.6,3.3,3.0,0,False
2132,5.0,3.8,2.6,4.9,2.9,0,False
3287,3.0,5.0,5.0,5.0,5.0,0,False
2530,3.8,4.4,3.4,3.0,4.8,1,False
2812,3.5,4.4,5.0,4.6,5.0,1,False
3781,5.0,3.1,5.0,4.8,3.2,0,False
3160,2.4,5.0,5.0,5.0,5.0,0,False
2189,4.9,2.7,3.8,4.6,5.0,0,False
2088,3.8,5.0,4.6,4.7,5.0,0,False
2261,3.6,5.0,5.0,5.0,5.0,1,False
3418,4.5,5.0,5.0,5.0,5.0,1,False
3530,2.9,5.0,4.4,5.0,4.4,1,False
2711,3.7,4.8,4.6,5.0,3.3,1,False
2355,5.0,3.9,5.0,4.2,5.0,1,False
3150,3.1,5.0,5.0,5.0,5.0,1,False
2171,2.8,4.9,5.0,5.0,5.0,1,False
3408,2.9,5.0,3.9,5.0,2.3,1,False
3407,3.8,5.0,3.2,4.6,2.5,1,False
2681,2.9,2.5,3.2,5.0,3.9,0,False
2136,3.5,4.5,4.6,4.4,4.6,1,False
2053,4.3,5.0,5.0,5.0,5.0,1,False
2529,4.0,5.0,5.0,5.0,5.0,0,False
2223,2.4,3.4,3.1,4.3,2.5,0,True
3807,4.2,5.0,5.0,4.5,5.0,1,False
4000,3.1,5.0,4.9,4.6,5.0,1,False
2620,2.6,5.0,5.0,3.0,5.0,0,False
2962,2.3,4.6,4.3,3.8,5.0,0,False
2212,3.5,2.4,4.6,5.0,2.9,0,False
3326,4.8,5.0,4.4,2.9,3.5,0,False
3768,3.1,4.1,5.0,5.0,5.0,0,False
2635,3.3,5.0,5.0,5.0,5.0,1,False
3695,4.0,4.6,5.0,4.7,5.0,1,False
2275,3.0,5.0,5.0,5.0,5.0,1,False
3504,4.8,4.9,4.9,4.8,4.2,1,False
2536,4.5,4.1,5.0,5.0,5.0,1,False
2906,3.3,5.0,4.8,5.0,5.0,1,False
2759,5.0,4.2,4.4,4.7,5.0,1,False
2045,4.1,5.0,5.0,5.0,5.0,1,False
2161,4.6,3.9,5.0,4.6,5.0,1,False
3032,4.6,5.0,4.5,5.0,5.0,1,False
3679,3.1,5.0,5.0,5.0,5.0,1,False
3106,3.0,3.5,2.9,5.0,5.0,0,False
3281,3.2,5.0,5.0,5.0,5.0,1,False
2094,3.4,4.4,3.3,5.0,4.4,0,False
2276,3.9,2.7,2.2,5.0,5.0,0,False
2966,4.3,5.0,4.7,5.0,5.0,1,False
3773,5.0,5.0,5.0,4.8,5.0,1,False
3855,5.0,3.5,2.9,3.5,3.1,0,False
2405,3.7,4.5,3.9,3.5,5.0,0,False
2925,2.8,2.2,2.3,3.6,2.7,0,False
2981,4.7,4.5,3.0,5.0,5.0,1,False
2991,2.9,3.9,2.9,5.0,4.8,0,False
2667,5.0,4.8,5.0,3.0,3.0,0,False
3841,4.1,4.9,4.8,5.0,5.0,1,False
2310,3.8,5.0,5.0,4.8,5.0,1,False
2725,2.5,5.0,3.2,5.0,2.7,0,False
2630,5.0,5.0,5.0,4.9,5.0,1,False
2487,3.7,5.0,5.0,5.0,5.0,1,False
2577,4.9,5.0,5.0,5.0,5.0,1,False
3476,2.5,4.3,5.0,3.1,3.0,0,False
3440,4.1,5.0,5.0,4.9,5.0,1,False
3618,3.5,5.0,4.4,4.8,5.0,1,False
3818,3.1,5.0,3.3,5.0,5.0,1,False
2941,4.4,2.7,5.0,3.1,5.0,0,False
2035,3.0,3.2,5.0,4.0,4.1,0,False
2223,3.3,3.8,5.0,3.4,2.5,0,True
3910,4.9,4.6,2.3,5.0,4.9,1,False
3357,4.5,2.6,2.5,2.2,3.3,0,False
2164,2.7,4.4,3.9,5.0,2.3,0,False
3464,5.0,2.9,4.6,3.6,2.7,0,False
3341,3.3,5.0,5.0,5.0,5.0,1,False
3034,2.7,2.9,5.0,3.9,5.0,0,False
2946,2.8,5.0,2.5,5.0,3.3,0,False
2304,5.0,4.6,2.9,5.0,4.2,1,False
3759,3.8,5.0,3.7,4.5,5.0,1,False
3385,3.5,5.0,5.0,5.0,5.0,1,False
2615,5.0,5.0,5.0,3.4,2.6,0,False
2361,4.2,3.8,3.8,5.0,5.0,1,False
3405,5.0,4.4,5.0,5.0,5.0,0,False
2704,4.6,3.4,4.4,5.0,2.9,0,False
3872,3.5,5.0,5.0,5.0,5.0,1,False
2168,3.9,4.0,2.3,4.8,5.0,1,False
3923,4.3,2.3,3.0,3.5,5.0,0,False
3065,2.5,4.9,2.9,3.0,2.9,0,False
2127,5.0,4.5,5.0,4.3,5.0,1,False
2032,2.9,5.0,4.8,5.0,5.0,1,False
2324,3.6,5.0,5.0,5.0,5.0,1,False
3330,5.0,2.9,3.2,2.3,2.6,0,False
2155,5.0,4.2,5.0,4.5,4.5,1,False
2007,5.0,3.6,5.0,4.7,4.6,1,False
2354,3.4,5.0,5.0,5.0,5.0,1,False
3265,5.0,4.7,5.0,5.0,5.0,1,False
3546,4.4,2.8,5.0,3.9,4.6,0,False
3774,4.4,5.0,4.4,5.0,5.0,1,False
3771,2.6,5.0,3.3,5.0,4.1,0,False
3381,3.0,4.9,5.0,5.0,3.1,0,False
2084,3.6,5.0,5.0,5.0,5.0,1,False
3980,4.0,4.9,5.0,5.0,5.0,1,False
2420,4.1,2.8,2.3,4.4,3.9,0,False
3164,4.8,5.0,2.5,5.0,5.0,0,False
2010,3.6,4.0,3.9,4.8,5.0,1,False
2097,5.0,3.8,4.6,5.0,4.4,1,False
3497,4.1,3.8,5.0,4.2,5.0,1,False
