job_title,record_count,total_openings,min_salary_mean,avg_salary_mean,max_salary_mean,min_exp_mean,min_exp_median,min_exp_min,min_exp_max
Business Analyst,188,32843,5.149468085106383,8.947340425531914,14.307446808510639,1.702127659574468,2.0,0,5
Data Analyst,187,18095,3.2315508021390373,5.710695187165776,9.711764705882352,0.8235294117647058,1.0,0,3
Senior Business Analyst,187,14115,8.392513368983957,13.170588235294119,19.014973262032086,4.016042780748663,4.0,0,10
Data Scientist,188,9051,7.777659574468085,13.52659574468085,21.472340425531915,1.5372340425531914,2.0,0,5
Data Engineer,188,8044,7.125,11.814893617021276,17.94468085106383,1.5106382978723405,1.0,0,6
Senior Data Analyst,187,3825,6.465775401069518,9.570588235294117,13.458823529411765,2.855614973262032,3.0,0,7
Senior Data Engineer,183,3411,13.467213114754099,18.998360655737702,24.98087431693989,4.5683060109289615,4.0,0,10
Senior Data Scientist,185,2129,15.607567567567568,22.28702702702703,30.015135135135136,3.9567567567567568,4.0,0,10
Machine Learning Engineer,59,964,6.533898305084746,9.854237288135593,14.486440677966103,1.4406779661016949,1.0,0,6
Data Architect,50,528,18.838,25.086,33.992,9.98,10.0,3,21
