job_desig,postings_count,share_percentage
Business Analyst,108,0.68
Data Scientist,64,0.4
Data Analyst,50,0.32
Digital Marketing Manager,45,0.28
Home Base Job/ Data Entry/online Work/part Time Work/freelancer work,45,0.28
Product Manager,44,0.28
Digital Marketing Executive,36,0.23
Analyst,35,0.22
SEO Executive,29,0.18
SEO Analyst,26,0.16
Microsoft Advanced Analytics,24,0.15
Associate,24,0.15
Application Developer,22,0.14
Program Control Services,22,0.14
Software Engineer,22,0.14
Data Entry/home Base Job/ Online Work/part Time Work/freelancer work,21,0.13
Senior Software Engineer,20,0.13
Content Writer,20,0.13
Data Engineer,19,0.12
Senior Business Analyst,19,0.12
Business Development Manager,19,0.12
Quality Analyst,19,0.12
Marketing Manager,18,0.11
Research Analyst,16,0.1
HR Executive,16,0.1
