skill,total_mentions,mean_associated_salary,high_tier_count,low_tier_count,high_tier_share_pct,low_tier_share_pct
data science,271,19.328413284132843,142,21,52.4,7.75
credit risk,104,19.298076923076923,59,7,56.73,6.73
nlp,143,18.083916083916083,67,11,46.85,7.69
banking,168,17.767857142857142,77,30,45.83,17.86
r,655,17.747328244274808,331,42,50.53,6.41
software development,135,17.45925925925926,69,18,51.11,13.33
deep learning,154,17.285714285714285,75,13,48.7,8.44
sas,636,17.139150943396228,279,59,43.87,9.28
spark,284,17.089788732394368,132,31,46.48,10.92
algorithms,161,16.822981366459626,74,9,45.96,5.59
data analytics,412,16.809466019417474,189,62,45.87,15.05
scala,136,16.68014705882353,59,12,43.38,8.82
machine learning,629,16.594594594594593,291,70,46.26,11.13
j2ee,140,16.439285714285713,57,14,40.71,10.0
predictive modeling,146,16.404109589041095,59,18,40.41,12.33
c++,229,16.35589519650655,102,21,44.54,9.17
strategy,148,16.26689189189189,62,25,41.89,16.89
nosql,178,15.932584269662922,71,13,39.89,7.3
product management,179,15.85754189944134,71,13,39.66,7.26
big data,263,15.655893536121672,104,22,39.54,8.37
java,726,15.475895316804408,278,71,38.29,9.78
analytics...,144,15.444444444444445,51,26,35.42,18.06
predictive analytics,124,15.423387096774194,47,15,37.9,12.1
data structures,113,15.29203539823009,38,12,33.63,10.62
financial modelling,120,15.154166666666667,50,15,41.67,12.5
data modeling,142,15.035211267605634,59,22,41.55,15.49
hive,199,14.942211055276381,83,25,41.71,12.56
hadoop,300,14.873333333333333,114,34,38.0,11.33
c#,175,14.86,71,25,40.57,14.29
data mining,225,14.622222222222222,93,42,41.33,18.67
project management,505,14.617821782178218,181,86,35.84,17.03
analytics,904,14.19966814159292,281,212,31.08,23.45
tableau,157,14.146496815286625,56,14,35.67,8.92
budgeting,220,14.072727272727272,78,45,35.45,20.45
python,840,14.00654761904762,288,154,34.29,18.33
sales,404,13.993811881188119,146,110,36.14,27.23
core java,160,13.8625,56,26,35.0,16.25
data warehousing,127,13.78740157480315,45,26,35.43,20.47
android,102,13.637254901960784,31,21,30.39,20.59
finance,756,13.581349206349206,269,187,35.58,24.74
web services,108,13.578703703703704,32,15,29.63,13.89
marketing,326,13.578220858895705,109,94,33.44,28.83
financial analysis,245,13.416326530612245,89,69,36.33,28.16
php,123,13.369918699186991,40,27,32.52,21.95
financial planning,123,13.321138211382113,41,35,33.33,28.46
forecasting,150,13.286666666666667,48,21,32.0,14.0
hr,169,13.097633136094675,62,58,36.69,34.32
taxation,106,13.028301886792454,39,33,36.79,31.13
linux,164,13.009146341463415,53,28,32.32,17.07
risk management,119,12.966386554621849,36,23,30.25,19.33
rest,138,12.884057971014492,38,17,27.54,12.32
sql server,143,12.821678321678322,47,28,32.87,19.58
etl,140,12.753571428571428,43,34,30.71,24.29
unix,100,12.725,26,13,26.0,13.0
sql,915,12.697814207650273,253,168,27.65,18.36
mysql,203,12.67487684729064,55,33,27.09,16.26
data analytics...,114,12.600877192982455,45,31,39.47,27.19
business intelligence,177,12.581920903954803,48,42,27.12,23.73
json,126,12.547619047619047,32,18,25.4,14.29
auditing,247,12.526315789473685,74,64,29.96,25.91
business development,253,12.517786561264822,79,81,31.23,32.02
business analysis,633,12.483412322274882,172,159,27.17,25.12
angularjs,107,12.42056074766355,30,21,28.04,19.63
accounting,376,12.27127659574468,117,124,31.12,32.98
javascript,535,12.218691588785047,135,125,25.23,23.36
html5,121,12.198347107438016,31,25,25.62,20.66
business analyst,140,12.139285714285714,40,34,28.57,24.29
oracle,149,12.11744966442953,38,28,25.5,18.79
css,230,12.093478260869565,60,59,26.09,25.65
agile,119,11.88655462184874,26,24,21.85,20.17
xml,160,11.68125,39,41,24.38,25.62
web technologies,123,11.630081300813009,30,38,24.39,30.89
data analysis,618,11.53883495145631,164,220,26.54,35.6
networking,110,11.431818181818182,25,25,22.73,22.73
html,305,11.378688524590164,69,76,22.62,24.92
jquery,203,11.073891625615763,41,57,20.2,28.08
data analysis...,103,11.072815533980583,28,32,27.18,31.07
data management,128,10.9921875,24,45,18.75,35.16
market research,234,10.948717948717949,58,98,24.79,41.88
operations,220,10.863636363636363,42,77,19.09,35.0
consulting,189,10.859788359788359,36,39,19.05,20.63
sap,112,10.589285714285714,18,25,16.07,22.32
excel,393,10.5,96,156,24.43,39.69
online marketing,137,9.967153284671532,25,61,18.25,44.53
recruitment,162,9.237654320987655,26,74,16.05,45.68
digital marketing,566,9.133392226148409,79,255,13.96,45.05
social media,158,8.89240506329114,24,77,15.19,48.73
sem,216,8.6875,28,105,12.96,48.61
google analytics,224,8.540178571428571,33,110,14.73,49.11
analytical,200,8.53,11,61,5.5,30.5
mis,142,8.295774647887324,20,81,14.08,57.04
operations...,139,8.262589928057555,7,43,5.04,30.94
customer service,119,8.243697478991596,20,65,16.81,54.62
advanced excel,133,8.12406015037594,20,66,15.04,49.62
business process,280,8.019642857142857,12,98,4.29,35.0
ppc,112,7.848214285714286,11,52,9.82,46.43
outsourcing,360,7.716666666666667,6,126,1.67,35.0
seo,495,7.625252525252526,53,267,10.71,53.94
google adwords,128,7.30859375,12,68,9.38,53.12
bpo,112,6.25,8,75,7.14,66.96
communication skills,127,6.039370078740157,14,86,11.02,67.72
quality analysis,105,3.538095238095238,5,91,4.76,86.67
