job_title,count,mean,std,min,25%,50%,75%,max
Data Architect,50.0,9.98,3.3349723861415304,3.0,8.0,10.0,12.0,21.0
Senior Data Scientist,185.0,3.9567567567567568,1.7626160986338848,0.0,3.0,4.0,5.0,10.0
Senior Data Engineer,183.0,4.5683060109289615,1.7926838110782761,0.0,3.5,4.0,5.0,10.0
Senior Business Analyst,187.0,4.016042780748663,1.8123706800847712,0.0,3.0,4.0,5.0,10.0
Senior Data Analyst,187.0,2.855614973262032,1.4200969304303164,0.0,2.0,3.0,4.0,7.0
Business Analyst,188.0,1.702127659574468,1.1122053751219279,0.0,1.0,2.0,2.0,5.0
Data Scientist,188.0,1.5372340425531914,0.9442745049259188,0.0,1.0,2.0,2.0,5.0
Data Analyst,187.0,0.8235294117647058,0.644148477625362,0.0,0.0,1.0,1.0,3.0
Machine Learning Engineer,59.0,1.4406779661016949,1.3679986191851012,0.0,1.0,1.0,2.0,6.0
Data Engineer,188.0,1.5106382978723405,1.1445726928511866,0.0,1.0,1.0,2.0,6.0
